Source:,D:\Documents\Projects\stepUP Electronics 2-0\quickstep_controller\quickstep_controller\quickstep_controller.sch,,,,,,,,
Date:,3/30/2020 3:14,,,,,,,,
Tool:,Eeschema (5.1.4)-1,,,,,,,,
Generator:,C:\Program Files\KiCad\bin\scripting\plugins/bom_csv_grouped_by_value.py,,,,,,,,
Component Count:,252,,,,,,,,
,,,,,,,,,
Individual Components:,,,,,,,,,
,,,,,,,,,
Item,Qty,Reference(s),Value,LibPart,Footprint,Datasheet,P/N:,Part No.,Part No. 
,,C201,100n,Device:C,Capacitor_SMD:C_0603_1608Metric_Pad1.05x0.95mm_HandSolder,~,,,
,,C202,100n,Device:C,Capacitor_SMD:C_0603_1608Metric_Pad1.05x0.95mm_HandSolder,~,,,
,,C203,100n,Device:C,Capacitor_SMD:C_0603_1608Metric_Pad1.05x0.95mm_HandSolder,~,,,
,,C301,4u7,Device:C,Capacitor_SMD:C_0805_2012Metric_Pad1.15x1.40mm_HandSolder,~,,,
,,C302,4u7,Device:C,Capacitor_SMD:C_0805_2012Metric_Pad1.15x1.40mm_HandSolder,~,,,
,,C401,100n,Device:C,Capacitor_SMD:C_0603_1608Metric_Pad1.05x0.95mm_HandSolder,~,,,
,,C402,100n,Device:C,Capacitor_SMD:C_0603_1608Metric_Pad1.05x0.95mm_HandSolder,~,,,
,,C403,100n,Device:C,Capacitor_SMD:C_0603_1608Metric_Pad1.05x0.95mm_HandSolder,~,,,
,,C404,100n,Device:C,Capacitor_SMD:C_0603_1608Metric_Pad1.05x0.95mm_HandSolder,~,,,
,,C405,100n,Device:C,Capacitor_SMD:C_0603_1608Metric_Pad1.05x0.95mm_HandSolder,~,,,
,,C406,100n,Device:C,Capacitor_SMD:C_0603_1608Metric_Pad1.05x0.95mm_HandSolder,~,,,
,,C407,100n,Device:C,Capacitor_SMD:C_0603_1608Metric_Pad1.05x0.95mm_HandSolder,~,,,
,,C408,100n,Device:C,Capacitor_SMD:C_0603_1608Metric_Pad1.05x0.95mm_HandSolder,~,,,
,,C501,100n,Device:C,Capacitor_SMD:C_0603_1608Metric_Pad1.05x0.95mm_HandSolder,~,,,
,,C502,100n,Device:C,Capacitor_SMD:C_0603_1608Metric_Pad1.05x0.95mm_HandSolder,~,,,
,,C701,4u7,Device:C,Capacitor_SMD:C_0805_2012Metric_Pad1.15x1.40mm_HandSolder,~,,,
,,C702,470u,Device:CP1,Capacitor_THT:CP_Radial_D12.5mm_P5.00mm,~,,EEU-FM1H471,
,,C703,4u7,Device:C,Capacitor_SMD:C_0805_2012Metric_Pad1.15x1.40mm_HandSolder,~,,,
,,C704,470u,Device:CP1,Capacitor_THT:CP_Radial_D12.5mm_P5.00mm,~,,EEU-FM1H471,
,,C705,4u7,Device:C,Capacitor_SMD:C_0805_2012Metric_Pad1.15x1.40mm_HandSolder,~,,,
,,C706,470u,Device:CP1,Capacitor_THT:CP_Radial_D12.5mm_P5.00mm,~,,EEU-FM1H471,
,,C707,4u7,Device:C,Capacitor_SMD:C_0805_2012Metric_Pad1.15x1.40mm_HandSolder,~,,,
,,C708,470u,Device:CP1,Capacitor_THT:CP_Radial_D12.5mm_P5.00mm,~,,EEU-FM1H471,
,,C709,100n,Device:C,Capacitor_SMD:C_0603_1608Metric_Pad1.05x0.95mm_HandSolder,~,,,
,,C801,100n,Device:C,Capacitor_SMD:C_0603_1608Metric_Pad1.05x0.95mm_HandSolder,~,,,
,,C802,470u,Device:CP1,Capacitor_THT:CP_Radial_D12.5mm_P5.00mm,~,,EEU-FM1H471,
,,C803,100n,Device:C,Capacitor_SMD:C_0603_1608Metric_Pad1.05x0.95mm_HandSolder,~,,,
,,C804,100n,Device:C,Capacitor_SMD:C_0603_1608Metric_Pad1.05x0.95mm_HandSolder,~,,,
,,C805,270p,Device:C,Capacitor_SMD:C_0603_1608Metric_Pad1.05x0.95mm_HandSolder,~,,,
,,C806,4.7n,Device:C,Capacitor_SMD:C_0603_1608Metric_Pad1.05x0.95mm_HandSolder,~,,,
,,C807,100n,Device:C,Capacitor_SMD:C_0603_1608Metric_Pad1.05x0.95mm_HandSolder,~,,,
,,C808,10p,Device:C,Capacitor_SMD:C_0603_1608Metric_Pad1.05x0.95mm_HandSolder,~,,,
,,C809,100n,Device:C,Capacitor_SMD:C_0603_1608Metric_Pad1.05x0.95mm_HandSolder,~,,,
,,C810,470u,Device:CP1,Capacitor_THT:CP_Radial_D12.5mm_P5.00mm,~,,EEU-FM1H471,
,,C1201,100n,Device:C,Capacitor_SMD:C_0603_1608Metric_Pad1.05x0.95mm_HandSolder,~,,,
,,C1202,100n,Device:C,Capacitor_SMD:C_0603_1608Metric_Pad1.05x0.95mm_HandSolder,~,,,
,,D201,RED,Device:LED,LED_SMD:LED_0603_1608Metric_Pad1.05x0.95mm_HandSolder,~,,,
,,D202,GREEN,Device:LED,LED_SMD:LED_0603_1608Metric_Pad1.05x0.95mm_HandSolder,~,,,
,,D301,YELLOW,Device:LED,LED_SMD:LED_0603_1608Metric_Pad1.05x0.95mm_HandSolder,~,,,
,,D302,RED,Device:LED,LED_SMD:LED_0603_1608Metric_Pad1.05x0.95mm_HandSolder,~,,,
,,D303,3.6V,Device:D_Zener,Diode_SMD:D_SOD-323_HandSoldering,~,,MM3Z3V6T1G,
,,D304,3.6V,Device:D_Zener,Diode_SMD:D_SOD-323_HandSoldering,~,,MM3Z3V6T1G,
,,D401,3.6V,Device:D_Zener,Diode_SMD:D_SOD-323_HandSoldering,~,,MM3Z3V6T1G,
,,D402,3.6V,Device:D_Zener,Diode_SMD:D_SOD-323_HandSoldering,~,,MM3Z3V6T1G,
,,D403,3.6V,Device:D_Zener,Diode_SMD:D_SOD-323_HandSoldering,~,,MM3Z3V6T1G,
,,D404,3.6V,Device:D_Zener,Diode_SMD:D_SOD-323_HandSoldering,~,,MM3Z3V6T1G,
,,D405,YELLOW,Device:LED,LED_SMD:LED_0603_1608Metric_Pad1.05x0.95mm_HandSolder,~,,,
,,D406,YELLOW,Device:LED,LED_SMD:LED_0603_1608Metric_Pad1.05x0.95mm_HandSolder,~,,,
,,D407,YELLOW,Device:LED,LED_SMD:LED_0603_1608Metric_Pad1.05x0.95mm_HandSolder,~,,,
,,D408,YELLOW,Device:LED,LED_SMD:LED_0603_1608Metric_Pad1.05x0.95mm_HandSolder,~,,,
,,D409,GREEN,Device:LED,LED_SMD:LED_0603_1608Metric_Pad1.05x0.95mm_HandSolder,~,,,
,,D410,RED,Device:LED,LED_SMD:LED_0603_1608Metric_Pad1.05x0.95mm_HandSolder,~,,,
,,D411,3.6V,Device:D_Zener,Diode_SMD:D_SOD-323_HandSoldering,~,,MM3Z3V6T1G,
,,D412,3.6V,Device:D_Zener,Diode_SMD:D_SOD-323_HandSoldering,~,,MM3Z3V6T1G,
,,D413,3.6V,Device:D_Zener,Diode_SMD:D_SOD-323_HandSoldering,~,,MM3Z3V6T1G,
,,D501,150505M173300,LED:SMLVN6RGB,LED_SMD:LED_RGB_5050-6,https://www.rohm.com/datasheet/SMLVN6RGB1U,,,150505M173300
,,D701,DSS15UTR,Device:D,Diode_SMD:D_SOD-123F,~,,,
,,D702,RED,Device:LED,LED_SMD:LED_0603_1608Metric_Pad1.05x0.95mm_HandSolder,~,,,
,,D703,GREEN,Device:LED,LED_SMD:LED_0603_1608Metric_Pad1.05x0.95mm_HandSolder,~,,,
,,D801,CDBC380-G,Device:D_Schottky,Diode_SMD:D_SMC_Handsoldering,~,,,
,,D901,DSS15UTR,Device:D,Diode_SMD:D_SOD-123F,~,,,
,,D902,DSS15UTR,Device:D,Diode_SMD:D_SOD-123F,~,,,
,,D903,DSS15UTR,Device:D,Diode_SMD:D_SOD-123F,~,,,
,,D904,DSS15UTR,Device:D,Diode_SMD:D_SOD-123F,~,,,
,,D905,DSS15UTR,Device:D,Diode_SMD:D_SOD-123F,~,,,
,,D906,DSS15UTR,Device:D,Diode_SMD:D_SOD-123F,~,,,
,,D907,DSS15UTR,Device:D,Diode_SMD:D_SOD-123F,~,,,
,,D908,DSS15UTR,Device:D,Diode_SMD:D_SOD-123F,~,,,
,,D1001,DSS15UTR,Device:D,Diode_SMD:D_SOD-123F,~,,,
,,D1002,DSS15UTR,Device:D,Diode_SMD:D_SOD-123F,~,,,
,,D1003,DSS15UTR,Device:D,Diode_SMD:D_SOD-123F,~,,,
,,D1004,DSS15UTR,Device:D,Diode_SMD:D_SOD-123F,~,,,
,,D1005,DSS15UTR,Device:D,Diode_SMD:D_SOD-123F,~,,,
,,D1006,DSS15UTR,Device:D,Diode_SMD:D_SOD-123F,~,,,
,,D1007,DSS15UTR,Device:D,Diode_SMD:D_SOD-123F,~,,,
,,D1008,DSS15UTR,Device:D,Diode_SMD:D_SOD-123F,~,,,
,,D1201,3.6V,Device:D_Zener,Diode_SMD:D_SOD-323_HandSoldering,~,,MM3Z3V6T1G,
,,D1202,3.6V,Device:D_Zener,Diode_SMD:D_SOD-323_HandSoldering,~,,MM3Z3V6T1G,
,,D1401,DSS15UTR,Device:D,Diode_SMD:D_SOD-123F,~,,,
,,D1402,DSS15UTR,Device:D,Diode_SMD:D_SOD-123F,~,,,
,,D1403,DSS15UTR,Device:D,Diode_SMD:D_SOD-123F,~,,,
,,D1404,DSS15UTR,Device:D,Diode_SMD:D_SOD-123F,~,,,
,,D1405,DSS15UTR,Device:D,Diode_SMD:D_SOD-123F,~,,,
,,D1406,DSS15UTR,Device:D,Diode_SMD:D_SOD-123F,~,,,
,,D1407,DSS15UTR,Device:D,Diode_SMD:D_SOD-123F,~,,,
,,D1408,DSS15UTR,Device:D,Diode_SMD:D_SOD-123F,~,,,
,,D1409,DSS15UTR,Device:D,Diode_SMD:D_SOD-123F,~,,,
,,D1410,DSS15UTR,Device:D,Diode_SMD:D_SOD-123F,~,,,
,,D1411,DSS15UTR,Device:D,Diode_SMD:D_SOD-123F,~,,,
,,D1412,DSS15UTR,Device:D,Diode_SMD:D_SOD-123F,~,,,
,,D1413,DSS15UTR,Device:D,Diode_SMD:D_SOD-123F,~,,,
,,D1414,DSS15UTR,Device:D,Diode_SMD:D_SOD-123F,~,,,
,,D1415,DSS15UTR,Device:D,Diode_SMD:D_SOD-123F,~,,,
,,D1416,DSS15UTR,Device:D,Diode_SMD:D_SOD-123F,~,,,
,,F1501,7.5A,Device:Fuse,Custom-Electromechanical:Keystone_3557,~,,,
,,F1502,25A,Device:Fuse,Custom-Electromechanical:Keystone_3557,~,,,
,,G101,Quickstep Logo,Custom-Misc:Graphic_Placeholder,Custom-Graphics:qs_logo,,,,
,,H101,M3,Mechanical:MountingHole,MountingHole:MountingHole_3.2mm_M3_Pad,~,,,
,,H102,M3,Mechanical:MountingHole,MountingHole:MountingHole_3.2mm_M3_Pad,~,,,
,,H103,M3,Mechanical:MountingHole,MountingHole:MountingHole_3.2mm_M3_Pad,~,,,
,,H104,M3,Mechanical:MountingHole,MountingHole:MountingHole_3.2mm_M3_Pad,~,,,
,,H105,M3,Mechanical:MountingHole,MountingHole:MountingHole_3.2mm_M3_Pad,~,,,
,,H106,M3,Mechanical:MountingHole,MountingHole:MountingHole_3.2mm_M3_Pad,~,,,
,,H107,M3,Mechanical:MountingHole,MountingHole:MountingHole_3.2mm_M3_Pad,~,,,
,,H108,M3,Mechanical:MountingHole,MountingHole:MountingHole_3.2mm_M3_Pad,~,,,
,,H109,M3,Mechanical:MountingHole,MountingHole:MountingHole_3.2mm_M3_Pad,~,,,
,,H110,M3,Mechanical:MountingHole,MountingHole:MountingHole_3.2mm_M3_Pad,~,,,
,,H111,M5,Mechanical:MountingHole,MountingHole:MountingHole_5.3mm_M5_Pad,,,,
,,H112,M5,Mechanical:MountingHole,MountingHole:MountingHole_5.3mm_M5_Pad,,,,
,,H113,M5,Mechanical:MountingHole,MountingHole:MountingHole_5.3mm_M5_Pad,,,,
,,H114,M5,Mechanical:MountingHole,MountingHole:MountingHole_5.3mm_M5_Pad,,,,
,,H115,M5,Mechanical:MountingHole,MountingHole:MountingHole_5.3mm_M5_Pad,,,,
,,H116,M5,Mechanical:MountingHole,MountingHole:MountingHole_5.3mm_M5_Pad,,,,
,,J101,Conn_01x04,Connector_Generic:Conn_01x04,Connector_JST:JST_XH_B4B-XH-A_1x04_P2.50mm_Vertical,~,,,
,,J201,SD_Card,Connector:SD_Card,Custom-Electromechanical:SD_TE_2041021,http://portal.fciconnect.com/Comergent//fci/drawing/10067847.pdf,,2041021-4,
,,J601,USB_A,Connector:USB_A,Daughterboards:USB_Adapter, ~,,,
,,J602,USB_B,Connector:USB_B,Custom-Electromechanical:CUI_UJ2-BH-W1-TH, ~,,USB-B1HSB6,
,,J901,Conn_02x03_Odd_Even,Connector_Generic:Conn_02x03_Odd_Even,Connector_IDC:IDC-Header_2x03_P2.54mm_Vertical,~,,,
,,J1001,Conn_02x03_Odd_Even,Connector_Generic:Conn_02x03_Odd_Even,Connector_IDC:IDC-Header_2x03_P2.54mm_Vertical,~,,,
,,J1101,Conn_02x13_Odd_Even,Connector_Generic:Conn_02x13_Odd_Even,Connector_IDC:IDC-Header_2x13_P2.54mm_Vertical,~,,,
,,J1201,Conn_02x05_Odd_Even,Connector_Generic:Conn_02x05_Odd_Even,Connector_IDC:IDC-Header_2x05_P2.54mm_Vertical,~,,,
,,J1301,Conn_02x03_Odd_Even,Connector_Generic:Conn_02x03_Odd_Even,Connector_IDC:IDC-Header_2x03_P2.54mm_Vertical,~,,,
,,J1401,Conn_02x10_Odd_Even,Connector_Generic:Conn_02x10_Odd_Even,Connector_IDC:IDC-Header_2x10_P2.54mm_Vertical,~,,,
,,J1501,Conn_01x02,Connector_Generic:Conn_01x02,Connector_JST:JST_XH_B2B-XH-A_1x02_P2.50mm_Vertical,~,,,
,,J1502,Conn_01x04,Connector_Generic:Conn_01x04,Connector_JST:JST_XH_B4B-XH-A_1x04_P2.50mm_Vertical,~,,,
,,J1503,Conn_XT,Custom-DiscreteSymbols:Conn_XT,Custom-Electromechanical:XT60-Male,,,,
,,L801,4.7uH,Device:L,Inductor_SMD:L_Bourns_SRR1260,~,,SRR1260-4R7Y,
,,Q301,AOD514,Custom-DiscreteSymbols:AOD514,Package_TO_SOT_SMD:TO-252-2,http://www.vishay.com/docs/75129/sqj479ep.pdf,,,
,,Q302,AOD514,Custom-DiscreteSymbols:AOD514,Package_TO_SOT_SMD:TO-252-2,http://www.vishay.com/docs/75129/sqj479ep.pdf,,,
,,Q303,NTR3C21NZT1G,Custom-DiscreteSymbols:NTR3C21NZT1G,Package_TO_SOT_SMD:SOT-23_Handsoldering,http://www.vishay.com/docs/75129/sqj479ep.pdf,,,
,,Q304,AOD514,Custom-DiscreteSymbols:AOD514,Package_TO_SOT_SMD:TO-252-2,http://www.vishay.com/docs/75129/sqj479ep.pdf,,,
,,Q401,NTR3C21NZT1G,Custom-DiscreteSymbols:NTR3C21NZT1G,Package_TO_SOT_SMD:SOT-23_Handsoldering,http://www.vishay.com/docs/75129/sqj479ep.pdf,,,
,,Q402,NTR3C21NZT1G,Custom-DiscreteSymbols:NTR3C21NZT1G,Package_TO_SOT_SMD:SOT-23_Handsoldering,http://www.vishay.com/docs/75129/sqj479ep.pdf,,,
,,Q501,NTR3C21NZT1G,Custom-DiscreteSymbols:NTR3C21NZT1G,Package_TO_SOT_SMD:SOT-23_Handsoldering,http://www.vishay.com/docs/75129/sqj479ep.pdf,,,
,,Q502,NTR3C21NZT1G,Custom-DiscreteSymbols:NTR3C21NZT1G,Package_TO_SOT_SMD:SOT-23_Handsoldering,http://www.vishay.com/docs/75129/sqj479ep.pdf,,,
,,Q503,NTR3C21NZT1G,Custom-DiscreteSymbols:NTR3C21NZT1G,Package_TO_SOT_SMD:SOT-23_Handsoldering,http://www.vishay.com/docs/75129/sqj479ep.pdf,,,
,,Q701,NTR3C21NZT1G,Custom-DiscreteSymbols:NTR3C21NZT1G,Package_TO_SOT_SMD:SOT-23_Handsoldering,http://www.vishay.com/docs/75129/sqj479ep.pdf,,,
,,Q801,NTR3C21NZT1G,Custom-DiscreteSymbols:NTR3C21NZT1G,Package_TO_SOT_SMD:SOT-23_Handsoldering,http://www.vishay.com/docs/75129/sqj479ep.pdf,,,
,,Q802,AOD514,Custom-DiscreteSymbols:AOD514,Package_TO_SOT_SMD:TO-252-2,http://www.vishay.com/docs/75129/sqj479ep.pdf,,,
,,R201,1K,Device:R,Resistor_SMD:R_0603_1608Metric_Pad1.05x0.95mm_HandSolder,~,,,
,,R202,1K,Device:R,Resistor_SMD:R_0603_1608Metric_Pad1.05x0.95mm_HandSolder,~,,,
,,R203,10K,Device:R,Resistor_SMD:R_0603_1608Metric_Pad1.05x0.95mm_HandSolder,~,,,
,,R204,10K,Device:R,Resistor_SMD:R_0603_1608Metric_Pad1.05x0.95mm_HandSolder,~,,,
,,R205,10K,Device:R,Resistor_SMD:R_0603_1608Metric_Pad1.05x0.95mm_HandSolder,~,,,
,,R206,10K,Device:R,Resistor_SMD:R_0603_1608Metric_Pad1.05x0.95mm_HandSolder,~,,,
,,R207,10K,Device:R,Resistor_SMD:R_0603_1608Metric_Pad1.05x0.95mm_HandSolder,~,,,
,,R208,10K,Device:R,Resistor_SMD:R_0603_1608Metric_Pad1.05x0.95mm_HandSolder,~,,,
,,R209,10K,Device:R,Resistor_SMD:R_0603_1608Metric_Pad1.05x0.95mm_HandSolder,~,,,
,,R301,1K,Device:R,Resistor_SMD:R_0603_1608Metric_Pad1.05x0.95mm_HandSolder,~,,,
,,R302,1K,Device:R,Resistor_SMD:R_0603_1608Metric_Pad1.05x0.95mm_HandSolder,~,,,
,,R303,390,Device:R,Resistor_SMD:R_0603_1608Metric_Pad1.05x0.95mm_HandSolder,~,,,
,,R304,390R,Device:R,Resistor_SMD:R_0603_1608Metric_Pad1.05x0.95mm_HandSolder,~,,,
,,R305,240K,Device:R,Resistor_SMD:R_0603_1608Metric_Pad1.05x0.95mm_HandSolder,~,,,
,,R306,390R,Device:R,Resistor_SMD:R_0603_1608Metric_Pad1.05x0.95mm_HandSolder,~,,,
,,R307,240K,Device:R,Resistor_SMD:R_0603_1608Metric_Pad1.05x0.95mm_HandSolder,~,,,
,,R308,240K,Device:R,Resistor_SMD:R_0603_1608Metric_Pad1.05x0.95mm_HandSolder,~,,,
,,R309,4K7,Device:R,Resistor_SMD:R_0603_1608Metric_Pad1.05x0.95mm_HandSolder,~,,,
,,R310,4K7,Device:R,Resistor_SMD:R_0603_1608Metric_Pad1.05x0.95mm_HandSolder,~,,,
,,R311,390,Device:R,Resistor_SMD:R_0603_1608Metric_Pad1.05x0.95mm_HandSolder,~,,,
,,R312,390,Device:R,Resistor_SMD:R_0603_1608Metric_Pad1.05x0.95mm_HandSolder,~,,,
,,R313,4K7,Device:R,Resistor_SMD:R_0603_1608Metric_Pad1.05x0.95mm_HandSolder,~,,,
,,R314,4K7,Device:R,Resistor_SMD:R_0603_1608Metric_Pad1.05x0.95mm_HandSolder,~,,,
,,R401,10K,Device:R,Resistor_SMD:R_0603_1608Metric_Pad1.05x0.95mm_HandSolder,~,,,
,,R402,10K,Device:R,Resistor_SMD:R_0603_1608Metric_Pad1.05x0.95mm_HandSolder,~,,,
,,R403,10K,Device:R,Resistor_SMD:R_0603_1608Metric_Pad1.05x0.95mm_HandSolder,~,,,
,,R404,10K,Device:R,Resistor_SMD:R_0603_1608Metric_Pad1.05x0.95mm_HandSolder,~,,,
,,R405,10K,Device:R,Resistor_SMD:R_0603_1608Metric_Pad1.05x0.95mm_HandSolder,~,,,
,,R406,10K,Device:R,Resistor_SMD:R_0603_1608Metric_Pad1.05x0.95mm_HandSolder,~,,,
,,R407,10K,Device:R,Resistor_SMD:R_0603_1608Metric_Pad1.05x0.95mm_HandSolder,~,,,
,,R408,10K,Device:R,Resistor_SMD:R_0603_1608Metric_Pad1.05x0.95mm_HandSolder,~,,,
,,R409,1K,Device:R,Resistor_SMD:R_0603_1608Metric_Pad1.05x0.95mm_HandSolder,~,,,
,,R410,1K,Device:R,Resistor_SMD:R_0603_1608Metric_Pad1.05x0.95mm_HandSolder,~,,,
,,R411,1K,Device:R,Resistor_SMD:R_0603_1608Metric_Pad1.05x0.95mm_HandSolder,~,,,
,,R412,1K,Device:R,Resistor_SMD:R_0603_1608Metric_Pad1.05x0.95mm_HandSolder,~,,,
,,R413,1K,Device:R,Resistor_SMD:R_0603_1608Metric_Pad1.05x0.95mm_HandSolder,~,,,
,,R414,10K,Device:R,Resistor_SMD:R_0603_1608Metric_Pad1.05x0.95mm_HandSolder,~,,,
,,R415,240K,Device:R,Resistor_SMD:R_0603_1608Metric_Pad1.05x0.95mm_HandSolder,~,,,
,,R416,240K,Device:R,Resistor_SMD:R_0603_1608Metric_Pad1.05x0.95mm_HandSolder,~,,,
,,R417,1K,Device:R,Resistor_SMD:R_0603_1608Metric_Pad1.05x0.95mm_HandSolder,~,,,
,,R418,1K,Device:R,Resistor_SMD:R_0603_1608Metric_Pad1.05x0.95mm_HandSolder,~,,,
,,R419,1K,Device:R,Resistor_SMD:R_0603_1608Metric_Pad1.05x0.95mm_HandSolder,~,,,
,,R420,1K,Device:R,Resistor_SMD:R_0603_1608Metric_Pad1.05x0.95mm_HandSolder,~,,,
,,R421,1K,Device:R,Resistor_SMD:R_0603_1608Metric_Pad1.05x0.95mm_HandSolder,~,,,
,,R501,4K7,Device:R,Resistor_SMD:R_0603_1608Metric_Pad1.05x0.95mm_HandSolder,~,,,
,,R502,4K7,Device:R,Resistor_SMD:R_0603_1608Metric_Pad1.05x0.95mm_HandSolder,~,,,
,,R503,240K,Device:R,Resistor_SMD:R_0603_1608Metric_Pad1.05x0.95mm_HandSolder,~,,,
,,R504,4K7,Device:R,Resistor_SMD:R_0603_1608Metric_Pad1.05x0.95mm_HandSolder,~,,,
,,R505,4K7,Device:R,Resistor_SMD:R_0603_1608Metric_Pad1.05x0.95mm_HandSolder,~,,,
,,R506,390,Device:R,Resistor_SMD:R_0603_1608Metric_Pad1.05x0.95mm_HandSolder,~,,,
,,R507,390,Device:R,Resistor_SMD:R_0603_1608Metric_Pad1.05x0.95mm_HandSolder,~,,,
,,R508,390,Device:R,Resistor_SMD:R_0603_1608Metric_Pad1.05x0.95mm_HandSolder,~,,,
,,R509,390,Device:R,Resistor_SMD:R_0603_1608Metric_Pad1.05x0.95mm_HandSolder,~,,,
,,R510,390,Device:R,Resistor_SMD:R_0603_1608Metric_Pad1.05x0.95mm_HandSolder,~,,,
,,R511,240K,Device:R,Resistor_SMD:R_0603_1608Metric_Pad1.05x0.95mm_HandSolder,~,,,
,,R512,240K,Device:R,Resistor_SMD:R_0603_1608Metric_Pad1.05x0.95mm_HandSolder,~,,,
,,R513,240K,Device:R,Resistor_SMD:R_0603_1608Metric_Pad1.05x0.95mm_HandSolder,~,,,
,,R514,1K,Device:R,Resistor_SMD:R_0603_1608Metric_Pad1.05x0.95mm_HandSolder,~,,,
,,R515,1K,Device:R,Resistor_SMD:R_0603_1608Metric_Pad1.05x0.95mm_HandSolder,~,,,
,,R516,1K,Device:R,Resistor_SMD:R_0603_1608Metric_Pad1.05x0.95mm_HandSolder,~,,,
,,R701,10K,Device:R,Resistor_SMD:R_0603_1608Metric_Pad1.05x0.95mm_HandSolder,~,,,
,,R702,10K,Device:R,Resistor_SMD:R_0603_1608Metric_Pad1.05x0.95mm_HandSolder,~,,,
,,R703,10K,Device:R,Resistor_SMD:R_0603_1608Metric_Pad1.05x0.95mm_HandSolder,~,,,
,,R704,10K,Device:R,Resistor_SMD:R_0603_1608Metric_Pad1.05x0.95mm_HandSolder,~,,,
,,R705,10K,Device:R,Resistor_SMD:R_0603_1608Metric_Pad1.05x0.95mm_HandSolder,~,,,
,,R706,10K,Device:R,Resistor_SMD:R_0603_1608Metric_Pad1.05x0.95mm_HandSolder,~,,,
,,R707,10K,Device:R,Resistor_SMD:R_0603_1608Metric_Pad1.05x0.95mm_HandSolder,~,,,
,,R708,10K,Device:R,Resistor_SMD:R_0603_1608Metric_Pad1.05x0.95mm_HandSolder,~,,,
,,R709,390,Device:R,Resistor_SMD:R_0603_1608Metric_Pad1.05x0.95mm_HandSolder,~,,,
,,R710,10K,Device:R,Resistor_SMD:R_0603_1608Metric_Pad1.05x0.95mm_HandSolder,~,,,
,,R711,390,Device:R,Resistor_SMD:R_0603_1608Metric_Pad1.05x0.95mm_HandSolder,~,,,
,,R712,1K,Device:R,Resistor_SMD:R_0603_1608Metric_Pad1.05x0.95mm_HandSolder,~,,,
,,R713,10K,Device:R,Resistor_SMD:R_0603_1608Metric_Pad1.05x0.95mm_HandSolder,~,,,
,,R714,10K,Device:R,Resistor_SMD:R_0603_1608Metric_Pad1.05x0.95mm_HandSolder,~,,,
,,R715,1K,Device:R,Resistor_SMD:R_0603_1608Metric_Pad1.05x0.95mm_HandSolder,~,,,
,,R801,16.9K,Device:R,Resistor_SMD:R_0603_1608Metric_Pad1.05x0.95mm_HandSolder,~,,,
,,R802,4.7K,Device:R,Resistor_SMD:R_0603_1608Metric_Pad1.05x0.95mm_HandSolder,~,,,
,,R803,1K,Device:R,Resistor_SMD:R_0603_1608Metric_Pad1.05x0.95mm_HandSolder,~,,,
,,R804,10K,Device:R,Resistor_SMD:R_0603_1608Metric_Pad1.05x0.95mm_HandSolder,~,,,
,,R805,1K,Device:R,Resistor_SMD:R_0603_1608Metric_Pad1.05x0.95mm_HandSolder,~,,,
,,R806,16.9K,Device:R,Resistor_SMD:R_0603_1608Metric_Pad1.05x0.95mm_HandSolder,~,,,
,,R807,1K,Device:R,Resistor_SMD:R_0603_1608Metric_Pad1.05x0.95mm_HandSolder,~,,,
,,R808,1K,Device:R,Resistor_SMD:R_0603_1608Metric_Pad1.05x0.95mm_HandSolder,~,,,
,,R809,10K,Device:R,Resistor_SMD:R_0603_1608Metric_Pad1.05x0.95mm_HandSolder,~,,,
,,R810,10K,Device:R,Resistor_SMD:R_0603_1608Metric_Pad1.05x0.95mm_HandSolder,~,,,
,,R811,10K,Device:R,Resistor_SMD:R_0603_1608Metric_Pad1.05x0.95mm_HandSolder,~,,,
,,R812,16.9K,Device:R,Resistor_SMD:R_0603_1608Metric_Pad1.05x0.95mm_HandSolder,~,,,
,,R813,100R,Device:R,Resistor_SMD:R_0603_1608Metric_Pad1.05x0.95mm_HandSolder,~,,,
,,R814,7mR,Device:R,Resistor_SMD:R_2512_6332Metric_Pad1.52x3.35mm_HandSolder,~,,PE2512FKE7W0R007L,
,,R815,22.6K,Device:R,Resistor_SMD:R_0603_1608Metric_Pad1.05x0.95mm_HandSolder,~,,,
,,R816,1K,Device:R,Resistor_SMD:R_0603_1608Metric_Pad1.05x0.95mm_HandSolder,~,,,
,,R1201,10K,Device:R,Resistor_SMD:R_0603_1608Metric_Pad1.05x0.95mm_HandSolder,~,,,
,,R1202,10K,Device:R,Resistor_SMD:R_0603_1608Metric_Pad1.05x0.95mm_HandSolder,~,,,
,,U201,TS3A27518E,Custom-AnalogIC:TS3A27518E,Package_SO:TSSOP-24_4.4x7.8mm_P0.65mm,http://www.ti.com/lit/ds/symlink/ts3a27518e.pdf,,,
,,U202,SN74LVC1G3157DCK3,Custom-AnalogIC:SN74LVC1G3157DCK3,Package_TO_SOT_SMD:SOT-363_SC-70-6,https://www.fairchildsemi.com/datasheets/NC/NC7SB3157.pdf,,,
,,U301,LTV-817S,Isolator:LTV-817S,Package_DIP:SMDIP-4_W9.53mm,http://www.us.liteon.com/downloads/LTV-817-827-847.PDF,,,
,,U302,LTV-817S,Isolator:LTV-817S,Package_DIP:SMDIP-4_W9.53mm,http://www.us.liteon.com/downloads/LTV-817-827-847.PDF,,,
,,U401,74HC14,74xx:74HC14,Package_SO:TSSOP-14_4.4x5mm_P0.65mm,http://www.ti.com/lit/gpn/sn74HC14,,,
,,U501,PCA9306,Interface:PCA9306,Package_SO:SSOP-8_2.95x2.8mm_P0.65mm,http://www.ti.com/lit/ds/symlink/pca9306.pdf,,,PCA9306DCTR
,,U502,P82B715,Custom-InterfaceIC:P82B715,Package_SO:SOIC-8_3.9x4.9mm_P1.27mm,http://www.ti.com/lit/ds/symlink/p82b715.pdf,,,
,,U503,24LC256,Memory_EEPROM:24LC256,Package_SO:TSSOP-8_4.4x3mm_P0.65mm,http://ww1.microchip.com/downloads/en/devicedoc/21203m.pdf,,24LC256-I/ST,
,,U601,ESP-32_DEVBOARD,Daughterboards:ESP-32_DEVBOARD,Daughterboards:ESP32,,,,
,,U701,StepStick-TMC2130,Daughterboards:StepStick-TMC2130,Daughterboards:TMC-21x0,https://learn.watterott.com/silentstepstick/,,,
,,U702,StepStick-TMC2130,Daughterboards:StepStick-TMC2130,Daughterboards:TMC-21x0,https://learn.watterott.com/silentstepstick/,,,
,,U703,StepStick-TMC2130,Daughterboards:StepStick-TMC2130,Daughterboards:TMC-21x0,https://learn.watterott.com/silentstepstick/,,,
,,U704,StepStick-TMC2130,Daughterboards:StepStick-TMC2130,Daughterboards:TMC-21x0,https://learn.watterott.com/silentstepstick/,,,
,,U705,4066,4xxx:4066,Package_SO:SSOP-14_5.3x6.2mm_P0.65mm,http://www.ti.com/lit/ds/symlink/cd4066b.pdf,"74HC4066DB,112",,
,,U706,74HC245,74xx:74HC245,Package_SO:SSOP-20_5.3x7.2mm_P0.65mm,http://www.ti.com/lit/gpn/sn74HC245,,SN74HC245DBR,
,,U707,74HC245,74xx:74HC245,Package_SO:SSOP-20_5.3x7.2mm_P0.65mm,http://www.ti.com/lit/gpn/sn74HC245,,SN74HC245DBR,
,,U708,LTV-817S,Isolator:LTV-817S,Package_DIP:SMDIP-4_W9.53mm,http://www.us.liteon.com/downloads/LTV-817-827-847.PDF,,,
,,U801,LM3488,Custom-PowerIC:LM3488,Package_SO:VSSOP-8_3.0x3.0mm_P0.65mm,http://www.ti.com/lit/ds/symlink/lm3488.pdf,,,
,,U802,LM393,Comparator:LM393,Package_SO:MSOP-8_3x3mm_P0.65mm,http://www.ti.com/lit/ds/symlink/lm393-n.pdf,,TLV7032DGKR,TLV7032DGKR
,,XA601,Arduino_Due_Shield,Daughterboards:Arduino_Due_Shield,Daughterboards:Arduino_Due_Shield_noHolesSilk,,,,
,,,,,,,,,
,,,,,,,,,
,,,,,,,,,
Collated Components:,,,,,,,,,
,,,,,,,,,
Item,Qty,Reference(s),Value,LibPart,Footprint,Datasheet,P/N:,Part No.,Part No. 
1,21,"C201, C202, C203, C401, C402, C403, C404, C405, C406, C407, C408, C501, C502, C709, C801, C803, C804, C807, C809, C1201, C1202",100n,Device:C,Capacitor_SMD:C_0603_1608Metric_Pad1.05x0.95mm_HandSolder,~,,,
2,6,"C301, C302, C701, C703, C705, C707",4u7,Device:C,Capacitor_SMD:C_0805_2012Metric_Pad1.15x1.40mm_HandSolder,~,,,
3,6,"C702, C704, C706, C708, C802, C810",470u,Device:CP1,Capacitor_THT:CP_Radial_D12.5mm_P5.00mm,~,,EEU-FM1H471,
4,1,C805,270p,Device:C,Capacitor_SMD:C_0603_1608Metric_Pad1.05x0.95mm_HandSolder,~,,,
5,1,C806,4.7n,Device:C,Capacitor_SMD:C_0603_1608Metric_Pad1.05x0.95mm_HandSolder,~,,,
6,1,C808,10p,Device:C,Capacitor_SMD:C_0603_1608Metric_Pad1.05x0.95mm_HandSolder,~,,,
7,,"D201, D302, D410, D702",RED,Device:LED,LED_SMD:LED_0603_1608Metric_Pad1.05x0.95mm_HandSolder,~,,,
8,,"D202, D409, D703",GREEN,Device:LED,LED_SMD:LED_0603_1608Metric_Pad1.05x0.95mm_HandSolder,~,,,
9,,"D301, D405, D406, D407, D408",YELLOW,Device:LED,LED_SMD:LED_0603_1608Metric_Pad1.05x0.95mm_HandSolder,~,,,
10,11,"D303, D304, D401, D402, D403, D404, D411, D412, D413, D1201, D1202",3.6V,Device:D_Zener,Diode_SMD:D_SOD-323_HandSoldering,~,,MM3Z3V6T1G,
11,1,D501,150505M173300,LED:SMLVN6RGB,LED_SMD:LED_RGB_5050-6,https://www.rohm.com/datasheet/SMLVN6RGB1U,,,150505M173300
12,33,"D701, D901, D902, D903, D904, D905, D906, D907, D908, D1001, D1002, D1003, D1004, D1005, D1006, D1007, D1008, D1401, D1402, D1403, D1404, D1405, D1406, D1407, D1408, D1409, D1410, D1411, D1412, D1413, D1414, D1415, D1416",DSS15UTR,Device:D,Diode_SMD:D_SOD-123F,~,,,
13,1,D801,CDBC380-G,Device:D_Schottky,Diode_SMD:D_SMC_Handsoldering,~,,,
14,1,F1501,10A,Device:Fuse,Custom-Electromechanical:Keystone_3557,~,,,
15,1,F1502,25A,Device:Fuse,Custom-Electromechanical:Keystone_3557,~,,,
16,1,G101,Quickstep Logo,Custom-Misc:Graphic_Placeholder,Custom-Graphics:qs_logo,,,,
17,10,"H101, H102, H103, H104, H105, H106, H107, H108, H109, H110",M3,Mechanical:MountingHole,MountingHole:MountingHole_3.2mm_M3_Pad,~,,,
18,6,"H111, H112, H113, H114, H115, H116",M5,Mechanical:MountingHole,MountingHole:MountingHole_5.3mm_M5_Pad,,,,
19,2,"J101, J1502",Conn_01x04,Connector_Generic:Conn_01x04,Connector_JST:JST_XH_B4B-XH-A_1x04_P2.50mm_Vertical,~,,,
20,1,J201,SD_Card,Connector:SD_Card,Custom-Electromechanical:SD_TE_2041021,http://portal.fciconnect.com/Comergent//fci/drawing/10067847.pdf,,2041021-4,
21,1,J601,USB_A,Connector:USB_A,Daughterboards:USB_Adapter, ~,,,
22,1,J602,USB_B,Connector:USB_B,Custom-Electromechanical:CUI_UJ2-BH-W1-TH, ~,,USB-B1HSB6,
23,3,"J901, J1001, J1301",Conn_02x03_Odd_Even,Connector_Generic:Conn_02x03_Odd_Even,Connector_IDC:IDC-Header_2x03_P2.54mm_Vertical,~,,,
24,1,J1101,Conn_02x13_Odd_Even,Connector_Generic:Conn_02x13_Odd_Even,Connector_IDC:IDC-Header_2x13_P2.54mm_Vertical,~,,,
25,1,J1201,Conn_02x05_Odd_Even,Connector_Generic:Conn_02x05_Odd_Even,Connector_IDC:IDC-Header_2x05_P2.54mm_Vertical,~,,,
26,1,J1401,Conn_02x10_Odd_Even,Connector_Generic:Conn_02x10_Odd_Even,Connector_IDC:IDC-Header_2x10_P2.54mm_Vertical,~,,,
27,1,J1501,Conn_01x02,Connector_Generic:Conn_01x02,Connector_JST:JST_XH_B2B-XH-A_1x02_P2.50mm_Vertical,~,,,
28,1,J1503,Conn_XT,Custom-DiscreteSymbols:Conn_XT,Custom-Electromechanical:XT60-Male,,,,
29,1,L801,4.7uH,Device:L,Inductor_SMD:L_Bourns_SRR1260,~,,SRR1260-4R7Y,
30,4,"Q301, Q302, Q304, Q802",AOD514,Custom-DiscreteSymbols:AOD514,Package_TO_SOT_SMD:TO-252-2,http://www.vishay.com/docs/75129/sqj479ep.pdf,,,
31,8,"Q303, Q401, Q402, Q501, Q502, Q503, Q701, Q801",NTR3C21NZT1G,Custom-DiscreteSymbols:NTR3C21NZT1G,Package_TO_SOT_SMD:SOT-23_Handsoldering,http://www.vishay.com/docs/75129/sqj479ep.pdf,,,
32,24,"R201, R202, R301, R302, R409, R410, R411, R412, R413, R417, R418, R419, R420, R421, R514, R515, R516, R712, R715, R803, R805, R807, R808, R816",1K,Device:R,Resistor_SMD:R_0603_1608Metric_Pad1.05x0.95mm_HandSolder,~,,,
33,33,"R203, R204, R205, R206, R207, R208, R209, R401, R402, R403, R404, R405, R406, R407, R408, R414, R701, R702, R703, R704, R705, R706, R707, R708, R710, R713, R714, R804, R809, R810, R811, R1201, R1202",10K,Device:R,Resistor_SMD:R_0603_1608Metric_Pad1.05x0.95mm_HandSolder,~,,,
34,10,"R303, R311, R312, R506, R507, R508, R509, R510, R709, R711",390,Device:R,Resistor_SMD:R_0603_1608Metric_Pad1.05x0.95mm_HandSolder,~,,,
35,2,"R304, R306",390R,Device:R,Resistor_SMD:R_0603_1608Metric_Pad1.05x0.95mm_HandSolder,~,,,
36,9,"R305, R307, R308, R415, R416, R503, R511, R512, R513",240K,Device:R,Resistor_SMD:R_0603_1608Metric_Pad1.05x0.95mm_HandSolder,~,,,
37,8,"R309, R310, R313, R314, R501, R502, R504, R505",4K7,Device:R,Resistor_SMD:R_0603_1608Metric_Pad1.05x0.95mm_HandSolder,~,,,
38,3,"R801, R806, R812",16.9K,Device:R,Resistor_SMD:R_0603_1608Metric_Pad1.05x0.95mm_HandSolder,~,,,
39,1,R802,4.7K,Device:R,Resistor_SMD:R_0603_1608Metric_Pad1.05x0.95mm_HandSolder,~,,,
40,1,R813,100R,Device:R,Resistor_SMD:R_0603_1608Metric_Pad1.05x0.95mm_HandSolder,~,,,
41,1,R814,7mR,Device:R,Resistor_SMD:R_2512_6332Metric_Pad1.52x3.35mm_HandSolder,~,,PE2512FKE7W0R007L,
42,1,R815,22.6K,Device:R,Resistor_SMD:R_0603_1608Metric_Pad1.05x0.95mm_HandSolder,~,,,
43,1,U201,TS3A27518E,Custom-AnalogIC:TS3A27518E,Package_SO:TSSOP-24_4.4x7.8mm_P0.65mm,http://www.ti.com/lit/ds/symlink/ts3a27518e.pdf,,,
44,1,U202,SN74LVC1G3157DCK3,Custom-AnalogIC:SN74LVC1G3157DCK3,Package_TO_SOT_SMD:SOT-363_SC-70-6,https://www.fairchildsemi.com/datasheets/NC/NC7SB3157.pdf,,,
45,3,"U301, U302, U708",LTV-817S,Isolator:LTV-817S,Package_DIP:SMDIP-4_W9.53mm,http://www.us.liteon.com/downloads/LTV-817-827-847.PDF,,,
46,1,U401,74HC14,74xx:74HC14,Package_SO:TSSOP-14_4.4x5mm_P0.65mm,http://www.ti.com/lit/gpn/sn74HC14,,,
47,1,U501,PCA9306,Interface:PCA9306,Package_SO:SSOP-8_2.95x2.8mm_P0.65mm,http://www.ti.com/lit/ds/symlink/pca9306.pdf,,,PCA9306DCTR
48,1,U502,P82B715,Custom-InterfaceIC:P82B715,Package_SO:SOIC-8_3.9x4.9mm_P1.27mm,http://www.ti.com/lit/ds/symlink/p82b715.pdf,,,
49,1,U503,24LC256,Memory_EEPROM:24LC256,Package_SO:TSSOP-8_4.4x3mm_P0.65mm,http://ww1.microchip.com/downloads/en/devicedoc/21203m.pdf,,24LC256-I/ST,
50,1,U601,ESP-32_DEVBOARD,Daughterboards:ESP-32_DEVBOARD,Daughterboards:ESP32,,,,
51,4,"U701, U702, U703, U704",StepStick-TMC2130,Daughterboards:StepStick-TMC2130,Daughterboards:TMC-21x0,https://learn.watterott.com/silentstepstick/,,,
52,1,U705,4066,4xxx:4066,Package_SO:SSOP-14_5.3x6.2mm_P0.65mm,http://www.ti.com/lit/ds/symlink/cd4066b.pdf,"74HC4066DB,112",,
53,2,"U706, U707",74HC245,74xx:74HC245,Package_SO:SSOP-20_5.3x7.2mm_P0.65mm,http://www.ti.com/lit/gpn/sn74HC245,,SN74HC245DBR,
54,1,U801,LM3488,Custom-PowerIC:LM3488,Package_SO:VSSOP-8_3.0x3.0mm_P0.65mm,http://www.ti.com/lit/ds/symlink/lm3488.pdf,,,
55,1,U802,LM393,Comparator:LM393,Package_SO:MSOP-8_3x3mm_P0.65mm,http://www.ti.com/lit/ds/symlink/lm393-n.pdf,,TLV7032DGKR,TLV7032DGKR
56,1,XA601,Arduino_Due_Shield,Daughterboards:Arduino_Due_Shield,Daughterboards:Arduino_Due_Shield_noHolesSilk,,,,
